{"mse": 0.255169737347244, "r2": 0.8052747336256919}